Open Time,Open,High,Low,Close,Volume,Quote Asset Volume,TWAP_price
1600732800000,0.85,7.0,0.85,5.3193,31441883.16,166715315.42,4.052827
1600819200000,5.3279,5.36,3.4,3.535,12620608.01,53155220.87,4.36639
1600905600000,3.5305,4.8873,3.4033,4.6411,7107843.86,28912533.32,4.154988
1600992000000,4.6366,5.0234,4.2001,4.7134,3886096.71,17910676.1,4.611612
1601078400000,4.7164,4.82,4.3294,4.52,1814932.97,8304263.78,4.572884
1601164800000,4.5214,4.7134,4.1068,4.6484,1500134.56,6626177.41,4.408163
1601251200000,4.6485,4.705,4.1667,4.2021,1210446.38,5281810.91,4.43804
1601337600000,4.1999,4.2899,3.9607,4.1394,1057878.53,4361852.97,4.124922
1601424000000,4.1429,4.411,3.9958,4.3293,915518.31,3839122.43,4.201665
1601510400000,4.3293,4.53,4.014,4.15,1477288.72,6232982.48,4.273007
1601596800000,4.1422,4.2198,3.6332,3.9115,1847614.48,7189956.88,3.922464
1601683200000,3.9156,4.19,3.8696,4.0168,679798.03,2729615.96,4.031427
1601769600000,4.0202,4.0798,3.8334,3.964,630849.97,2483672.14,3.956132
1601856000000,3.9582,4.0456,3.87,3.9813,475912.76,1883990.19,3.957748
1601942400000,3.9949,4.0,3.5,3.5424,971155.87,3553458.06,3.745198
1602028800000,3.5401,3.5462,3.207,3.442,988661.32,3329160.07,3.374156
1602115200000,3.4409,3.9599,3.3228,3.9147,900977.83,3300534.47,3.635502
1602201600000,3.9147,4.3252,3.8034,4.2491,573063.37,2339370.57,4.062286
1602288000000,4.2427,4.2693,4.0001,4.023,821315.35,3382885.22,4.13507
1602374400000,4.0205,4.1762,3.9333,4.096,542437.49,2203938.05,4.054663
1602460800000,4.0841,4.71,4.054,4.41,851811.15,3741254.64,4.390874
1602547200000,4.4099,4.5636,4.3203,4.4806,776819.51,3461676.16,4.441879
1602633600000,4.4808,4.4848,4.0125,4.1596,512479.12,2172949.68,4.239295
1602720000000,4.15,4.2312,3.9985,4.1269,306544.02,1255397.3,4.114792
1602806400000,4.1266,4.1582,3.8755,4.0433,538055.06,2158279.79,4.015339
1602892800000,4.0462,4.21,3.9673,4.1946,258634.77,1059554.15,4.085376
1602979200000,4.1874,4.2461,4.0701,4.1195,138296.5,576945.33,4.15828
1603065600000,4.1371,4.1748,3.9926,4.05,274925.09,1117039.45,4.083103
1603152000000,4.0568,4.0908,3.6925,3.804,589447.62,2274226.08,3.88731
1603238400000,3.8007,4.103,3.7918,3.9585,319446.86,1268228.48,3.952058
1603324800000,3.9574,4.4904,3.9511,4.3385,741499.28,3221997.42,4.231135
1603411200000,4.3406,4.4872,4.1354,4.2568,324892.94,1398999.51,4.311481
1603497600000,4.2539,4.362,4.14,4.1821,218601.98,933338.63,4.251886
1603584000000,4.1803,4.2526,4.1,4.1479,209663.9,877035.37,4.176439
1603670400000,4.1409,4.4897,4.0141,4.148,661155.33,2796040.23,4.251906
1603756800000,4.1454,4.35,4.0343,4.1217,292754.21,1224513.04,4.192233
1603843200000,4.1214,4.1792,3.9308,4.0596,359147.72,1446616.72,4.054442
1603929600000,4.0607,4.1051,3.7296,3.7758,422589.86,1634343.74,3.917199
1604016000000,3.7744,3.8226,3.5781,3.7224,850092.33,3139921.29,3.6998
1604102400000,3.7116,3.7612,3.5876,3.6456,346114.94,1268757.59,3.674243
1604188800000,3.6355,3.7142,3.5521,3.6814,295468.18,1075668.75,3.632632
1604275200000,3.6851,3.8775,3.6145,3.617,322604.28,1196807.92,3.747619
1604361600000,3.6174,3.6513,3.2368,3.323,664899.75,2257175.61,3.440276
1604448000000,3.3299,3.3759,3.0,3.1718,466205.93,1474605.42,3.18504
1604534400000,3.1736,3.3841,3.0211,3.3348,644688.78,2097043.29,3.199924
1604620800000,3.335,3.6666,3.3194,3.5913,910038.31,3199980.72,3.497708
1604707200000,3.594,3.9193,3.37,3.4126,832528.78,3034525.37,3.648612
1604793600000,3.4093,3.67,3.3613,3.4754,543130.62,1902820.88,3.5165
1604880000000,3.4674,3.5399,3.2619,3.4125,534923.49,1828111.81,3.400516
1604966400000,3.421,3.63,3.369,3.5713,482731.01,1695101.16,3.499803
1605052800000,3.5775,3.82,3.46,3.4842,389355.68,1409573.37,3.641864
1605139200000,3.4918,3.5691,3.32,3.4243,314355.65,1075162.17,3.444298
1605225600000,3.4268,3.7018,3.3911,3.6745,585394.03,2067256.88,3.545657
1605312000000,3.6779,3.7042,3.396,3.4894,443020.54,1558296.06,3.546639
1605398400000,3.484,3.6415,3.4101,3.5453,438362.91,1550016.69,3.525999
1605484800000,3.5348,3.82,3.455,3.7,658000.76,2430446.33,3.638585
1605571200000,3.7062,3.9333,3.6881,3.8355,490826.18,1866137.9,3.813677
1605657600000,3.8476,3.8739,3.55,3.7445,531913.49,1983620.13,3.709764
1605744000000,3.7498,3.8272,3.5563,3.6399,386309.17,1423279.12,3.691617
1605830400000,3.6432,4.0111,3.6224,3.715,657029.12,2485341.38,3.817934
1605916800000,3.7124,4.0983,3.67,4.0281,557225.0,2180220.32,3.886335
1606003200000,4.0291,4.0602,3.71,3.8892,562448.53,2174569.09,3.882023
1606089600000,3.9066,4.2575,3.8519,4.0747,611842.99,2502647.91,4.057574
1606176000000,4.0748,4.3334,3.865,4.26,855854.35,3523674.52,4.096426
1606262400000,4.26,4.3989,3.9001,4.0453,763623.28,3224315.91,4.149347
1606348800000,4.0363,4.089,3.28,3.5447,1011308.69,3583580.9,3.67372
1606435200000,3.5399,3.7581,3.4178,3.5942,382067.49,1370077.83,3.588084
1606521600000,3.5903,3.6998,3.4752,3.6271,256600.45,921787.75,3.587357
1606608000000,3.6299,3.7662,3.531,3.7013,222772.03,812005.1,3.648199
1606694400000,3.7124,3.82,3.6418,3.7024,266744.6,993718.71,3.730919
1606780800000,3.7044,3.8128,3.4501,3.5543,453003.61,1646953.64,3.631544
1606867200000,3.55,3.8458,3.5059,3.74,255368.39,957259.83,3.678464
1606953600000,3.7384,3.8966,3.7103,3.8123,217818.87,826292.01,3.804601
1607040000000,3.8076,3.86,3.5091,3.5348,306354.06,1127218.75,3.686926
1607126400000,3.5337,3.7182,3.5059,3.6382,176697.58,643773.57,3.613733
1607212800000,3.6384,3.6733,3.5077,3.6055,198916.73,712690.46,3.590187
1607299200000,3.6036,3.6096,3.3,3.3895,319608.12,1099574.28,3.449131
1607385600000,3.3896,3.3948,3.085,3.1172,947986.45,3046976.73,3.236666
1607472000000,3.1185,3.4411,2.8001,3.2652,1491988.4,4695416.74,3.119655
1607558400000,3.2644,3.3583,3.0643,3.1499,1121704.58,3565572.17,3.211464
1607644800000,3.1482,3.307,3.0131,3.2375,740274.35,2337159.33,3.159275
1607731200000,3.232,3.45,3.2318,3.3332,695480.54,2344805.08,3.344213
1607817600000,3.3409,3.4173,3.2806,3.3405,598125.27,2004392.17,3.34895
1607904000000,3.3401,3.3424,3.1357,3.1433,1041542.84,3373687.91,3.238273
1607990400000,3.1439,3.5441,3.06,3.3014,899508.23,2892716.33,3.304208
1608076800000,3.3012,3.3844,3.1451,3.3409,660892.42,2159766.51,3.26436
1608163200000,3.3444,3.3823,3.1761,3.2079,634136.04,2081508.25,3.279575
1608249600000,3.2068,3.4737,3.1424,3.4081,642895.11,2155784.99,3.308111
1608336000000,3.4081,3.6076,3.3783,3.4651,506114.81,1766889.23,3.493834
1608422400000,3.458,3.498,3.2755,3.304,415890.15,1410347.26,3.387532
1608508800000,3.3041,3.3564,2.925,3.0892,827256.68,2612957.52,3.136999
1608595200000,3.0922,3.1331,2.9198,3.0761,488812.87,1491311.87,3.026368
1608681600000,3.0705,3.6937,2.7501,2.9465,2874448.39,9261933.81,3.222825
1608768000000,2.9525,3.1153,2.7679,3.1006,910977.44,2685159.92,2.937557
1608854400000,3.1171,3.1301,2.84,2.9517,870245.85,2616820.77,2.980685
1608940800000,2.9497,2.9975,2.85,2.9178,475916.53,1389240.08,2.923632
1609027200000,2.9223,3.0759,2.8401,2.9026,566733.02,1671043.03,2.95808
1609113600000,2.9168,3.0496,2.8685,2.9577,932674.77,2756574.76,2.959332
1609200000000,2.9609,3.01,2.8322,2.9248,831346.83,2414759.35,2.920874
1609286400000,2.925,2.94,2.8327,2.9162,443153.2,1281341.75,2.886292
1609372800000,2.9166,3.2997,2.78,3.1859,861034.14,2566199.29,3.03903
1609459200000,3.1859,3.86,3.0178,3.6497,3817118.74,13320352.52,3.440631
1609545600000,3.6544,3.939,3.2851,3.4956,1768205.15,6320501.64,3.612604
1609632000000,3.5005,3.83,3.3916,3.4691,989465.26,3561844.04,3.610962
1609718400000,3.477,3.83,3.2283,3.5999,1242545.27,4375481.17,3.529052
1609804800000,3.5999,4.3556,3.4703,4.2501,2403396.82,9663679.9,3.911072
1609891200000,4.2502,4.9773,4.1361,4.5788,2925158.25,13394273.81,4.56234
1609977600000,4.5803,4.8205,4.1827,4.4707,1471492.75,6716608.55,4.501422
1610064000000,4.4728,5.9,4.0,5.7,3037659.66,15644301.38,4.934118
1610150400000,5.6999,7.487,5.5761,7.1877,4060100.24,26852840.18,6.547224
1610236800000,7.2115,7.4969,6.15,6.5416,1865913.15,12731233.06,6.81995
1610323200000,6.541,7.0,5.72,6.4713,2065598.3,12871574.11,6.359892
1610409600000,6.4623,8.2356,6.4198,7.72,3138438.02,23895551.55,7.359938
1610496000000,7.7254,8.5,7.1356,8.4695,1712008.71,13278110.43,7.795336
1610582400000,8.4693,9.6004,8.21,9.3177,2550051.08,23016359.07,8.906401
1610668800000,9.3192,9.89,8.57,9.3794,1991192.96,18532898.36,9.229938
1610755200000,9.3795,13.4991,9.1629,12.8421,3898717.61,46191726.76,11.37276
1610841600000,12.8222,14.69,12.3231,13.1746,3568856.68,47561869.48,13.509382
1610928000000,13.1748,13.858,12.5737,12.7035,1317372.42,17372363.8,13.22549
1611014400000,12.6825,14.0,11.3433,11.7367,1846921.9,22865911.3,12.686769
1611100800000,11.7346,13.0765,11.03,12.3768,1515429.53,18387717.91,12.053188
1611187200000,12.3768,13.0147,11.0659,11.3225,1717139.33,20754780.15,12.055351
1611273600000,11.3329,13.3899,10.673,12.7097,2250602.42,27350603.59,12.032146
1611360000000,12.7153,13.48,12.5059,12.8669,1224349.08,15877090.57,12.99418
1611446400000,12.8914,13.1725,12.2,12.4801,907179.12,11543137.09,12.686273
1611532800000,12.4801,12.95,12.0598,12.1816,613873.67,7718176.26,12.509934
1611619200000,12.1816,12.7333,11.3804,12.2088,873414.18,10551226.82,12.056836
1611705600000,12.178,12.215,10.77,11.158,740335.46,8456320.86,11.467528
1611792000000,11.1379,12.7524,10.8,11.9615,1091962.84,13283239.24,11.786745
1611878400000,11.9596,12.6757,11.3145,11.6158,1470197.45,17407967.39,11.998461
1611964800000,11.6158,12.65,11.293,12.0433,1122825.05,13368057.5,11.975112
1612051200000,12.0125,15.3728,11.83,13.4704,5017946.71,67959449.93,13.639416
1612137600000,13.4704,13.6408,12.5741,13.2153,1820891.9,23742473.72,13.104035
1612224000000,13.2105,13.725,12.765,13.4703,748745.41,9847127.11,13.243221
1612310400000,13.47,14.9409,13.1814,14.84,1267446.12,17830836.17,14.044384
1612396800000,14.84,15.8795,13.7978,15.2697,1649348.48,24697727.37,14.836322
1612483200000,15.2738,18.0321,15.1206,17.8973,1654441.43,27800463.32,16.574007
1612569600000,17.8971,18.6228,15.8,18.1216,1547693.33,26968310.69,17.210136
1612656000000,18.1232,24.4268,17.8802,23.705,4884650.65,105018387.33,21.206673
1612742400000,23.7374,33.8167,23.55,30.056,5774862.08,168277152.42,28.87023
1612828800000,30.0564,33.0,27.4769,31.9194,2664482.65,80005562.72,30.216508
1612915200000,31.8487,60.3035,31.3408,54.6861,9715755.01,472308716.5,46.292338
1613001600000,54.6872,56.4998,41.6728,46.9673,4310924.37,209524738.67,48.959733
1613088000000,46.9726,54.4775,43.5,48.2978,3209807.22,157898795.68,48.993699
1613174400000,48.2961,51.9,43.4014,44.0832,1890974.72,88751004.96,47.746333
1613260800000,44.0691,45.75,38.3724,39.1711,2829524.14,118907734.09,42.115825
1613347200000,39.17,44.98,33.5,38.309,3933303.2,152184241.32,39.240705
1613433600000,38.3362,40.0,35.1417,36.5402,2556745.82,95755859.45,37.575542
1613520000000,36.5402,42.1299,34.1386,37.3003,3076680.22,115394864.04,38.137002
1613606400000,37.3046,44.4907,36.19,40.9656,3097214.68,128006105.54,40.401958
1613692800000,41.023,41.2754,37.5,38.7274,2047933.74,80331238.93,39.338052
1613779200000,38.7264,42.8463,31.9376,35.9985,3400687.05,131944005.24,37.392419
1613865600000,35.9553,38.0037,34.7906,36.1855,1516510.61,55466645.9,36.39757
1613952000000,36.1932,36.2941,25.47,32.1502,2970210.71,95725194.55,30.763164
1614038400000,32.1504,32.4108,22.51,27.5924,3657984.88,99042615.36,27.325507
1614124800000,27.5966,32.2699,25.2501,29.7396,3233830.55,94109405.71,28.762192
1614211200000,29.732,32.1836,26.4439,26.7,2431285.39,72135109.51,29.396075
1614297600000,26.7718,28.0474,24.7703,25.9695,1804008.06,47862698.96,26.409431
1614384000000,25.9695,27.4999,25.0,25.7616,1690910.72,44679099.44,26.250616
1614470400000,25.7423,25.9299,22.1237,23.9566,1816997.15,43076550.45,23.978896
1614556800000,23.9698,27.8227,23.6073,27.5107,2250036.68,58489792.63,25.709592
1614643200000,27.5189,31.99,25.8604,27.1101,5223868.87,147909795.03,28.926993
1614729600000,27.1144,29.4503,26.5202,27.22,2841940.87,79768539.27,27.985516
1614816000000,27.2126,28.82,24.2222,25.7781,3087747.13,82004242.21,26.521742
1614902400000,25.7781,25.7781,23.5269,24.2414,2367099.9,58170274.5,24.605397
1614988800000,24.2708,25.5,23.8267,24.911,1483862.28,36645391.4,24.666102
1615075200000,24.9225,27.95,24.9225,26.6863,3010972.81,80354448.92,26.494836
1615161600000,26.6884,27.1147,24.8921,25.6179,2182937.86,56470863.51,25.994181
1615248000000,25.6178,34.7857,23.4102,34.314,10511803.75,301188369.89,28.949443
1615334400000,34.3007,35.8,28.691,29.5858,8435059.85,268928184.72,32.282845
1615420800000,29.6171,32.8333,28.4,30.8005,5275313.55,163000352.0,30.624047
1615507200000,30.798,31.5823,26.7837,27.9561,4025302.52,117715647.48,29.164349
1615593600000,27.9469,33.2249,26.8568,30.8799,4641909.98,139834255.84,30.075989
1615680000000,30.9086,32.3,28.8,28.8423,2905962.81,88838731.69,30.614387
1615766400000,28.8383,30.6472,27.0,28.9472,3223256.17,93338211.25,28.823585
1615852800000,28.9221,33.25,27.5189,33.036,3919260.34,119092720.44,30.29653
1615939200000,33.036,33.9899,30.5307,32.6789,3711302.21,119320054.29,32.258705
1616025600000,32.6789,35.6073,31.8187,33.2132,3784343.49,127302178.88,33.716833
1616112000000,33.2131,38.4866,31.3409,37.3166,4561567.37,165120789.35,34.882203
1616198400000,37.3219,39.3,34.1701,34.2022,2545309.31,93664051.04,36.834178
1616284800000,34.1783,35.4516,32.0001,32.8117,2817582.7,94243400.62,33.735267
1616371200000,32.8109,33.5892,28.6202,29.17,2819087.11,88760164.34,31.122412
1616457600000,29.1805,30.8899,28.1111,28.4704,2208298.0,65350105.51,29.511703
1616544000000,28.4541,30.4914,24.6652,25.8387,2924723.82,82857014.16,27.601213
1616630400000,25.8,27.5152,24.3291,25.825,2616910.89,67993951.53,25.922152
1616716800000,25.8109,28.8782,25.7873,28.2527,2119177.62,58791812.94,27.388386
1616803200000,28.2744,28.6667,26.789,27.6225,1664560.96,46300539.75,27.720996
1616889600000,27.6226,29.5578,27.22,28.7167,2149098.9,61369232.96,28.401601
1616976000000,28.7392,30.3702,28.2,29.5,1936628.46,57274429.93,29.290346
1617062400000,29.5,30.9802,28.6023,29.6009,1916568.91,57190846.02,29.791358
1617148800000,29.6009,29.9641,25.9,28.7218,1991045.26,56337213.75,27.9175
1617235200000,28.7217,29.373,27.6921,28.2456,1556653.75,44363776.98,28.533551
1617321600000,28.2686,29.5805,27.9429,29.0353,1502764.68,43378511.82,28.768063
1617408000000,29.0137,32.8727,27.8274,28.1787,4011015.62,123148734.45,30.362142
1617494400000,28.1709,29.9171,27.5607,29.1573,1645442.99,47959269.95,28.742327
1617580800000,29.174,33.0,28.5455,31.2559,3914406.49,122497268.1,30.80497
1617667200000,31.2913,34.5578,30.0,31.4635,3854943.21,125832561.86,32.279222
1617753600000,31.4838,34.15,28.6023,29.5068,3026403.42,92723601.16,31.405033
1617840000000,29.54,31.6137,29.2287,30.751,1585910.41,48670912.62,30.440194
1617926400000,30.7475,32.482,30.3031,31.5178,2411521.93,75504333.06,31.400933
1618012800000,31.5178,33.97,30.865,31.776,3316903.42,108430389.73,32.418834
1618099200000,31.7628,32.33,30.8928,31.5976,1817836.56,57506834.78,31.611172
1618185600000,31.5853,35.6418,31.1,33.8055,4048871.8,134405366.7,33.413819
1618272000000,33.8125,34.888,31.7,33.6462,3077724.42,102492762.4,33.293704
1618358400000,33.6426,39.45,32.8907,38.3391,7610260.01,278784648.51,36.196738
1618444800000,38.3892,40.759,36.21,37.0174,4740728.24,180469601.55,38.502674
1618531200000,37.0256,37.5412,33.0618,35.45,3675610.8,130494095.61,35.271615
1618617600000,35.4383,36.9062,33.51,33.9342,2447216.38,86641993.56,35.235008
1618704000000,33.9673,34.3,22.5473,29.3348,5871628.96,166326205.42,28.293227
1618790400000,29.323,30.5796,25.5472,26.1827,3255981.02,90979934.53,28.096892
1618876800000,26.2029,29.9752,23.8766,27.4058,3447186.95,90912258.54,26.927094
1618963200000,27.4059,28.4899,25.75,25.8131,2761857.45,74969648.93,27.167057
1619049600000,25.8131,27.7519,22.87,23.9703,3474222.21,89712278.56,25.326436
1619136000000,23.9692,26.557,19.8,23.5317,4749135.19,105328377.19,23.1779
1619222400000,23.55,23.9381,21.3801,21.8523,2231443.96,50480605.99,22.653897
1619308800000,21.8429,23.75,20.359,21.624,1711011.135,37881647.72,22.054835
1619395200000,21.628,26.5,21.39,26.451,3025256.65,75465416.01,23.917924
1619481600000,26.441,28.0,25.7,27.949,2350750.048,63681712.67,26.808458
1619568000000,27.961,29.077,25.826,28.233,2546834.944,70419912.59,27.450368
1619654400000,28.246,29.765,26.6,27.912,2274429.724,63709226.53,28.182789
1619740800000,27.926,33.0,27.501,32.8,3368373.696,103924073.25,30.223005
1619827200000,32.819,35.68,31.722,31.805,3589503.042,120606500.6,33.724171
1619913600000,31.815,32.681,30.383,31.28,2177846.529,68800524.7,31.531787
1620000000000,31.262,37.36,30.697,35.871,5397490.383,184269843.69,34.091275
1620086400000,35.885,36.194,29.501,30.287,4452223.237,145089846.11,32.796948
1620172800000,30.307,35.616,29.7,35.258,3289567.944,109473038.55,32.631574
1620259200000,35.225,39.3,34.66,38.003,6195375.726,230357016.41,37.016027
1620345600000,38.002,43.885,35.969,37.875,6802609.557,273821708.08,39.927128
1620432000000,37.852,39.844,37.157,38.399,2493215.197,95715259.48,38.504426
1620518400000,38.399,39.5,35.017,38.969,2403153.534,89501364.02,37.252715
1620604800000,38.988,41.8,29.69,34.652,4334618.088,159738078.07,35.709405
1620691200000,34.65,37.3,32.575,36.8,2729477.604,95271679.57,34.894512
1620777600000,36.768,41.47,32.0,32.8,5512564.2,210662204.13,36.824564
1620864000000,32.872,37.17,30.739,35.075,4599017.978,156789885.05,33.953926
1620950400000,35.036,38.0,33.276,36.999,2531482.455,90688909.5,35.620879
1621036800000,36.993,39.99,34.031,34.439,4984162.837,184846636.83,37.072809
1621123200000,34.464,39.7,32.5,36.6,5278663.199,190808554.56,36.112779
1621209600000,36.597,37.936,31.75,33.67,4761781.536,165234150.12,34.825776
1621296000000,33.684,37.7,33.268,36.875,3692884.156,132738977.36,35.514449
1621382400000,36.907,38.535,17.775,23.052,7854204.012,223825127.91,27.926381
1621468800000,23.064,28.2,20.809,25.086,4667836.199,115628255.55,24.51269
1621555200000,25.042,26.712,18.368,21.827,3781391.334,85878210.51,22.505521
1621641600000,21.825,22.474,18.3,18.797,2628918.371,52186116.32,20.398514
1621728000000,18.809,19.668,12.086,15.606,5463994.514,82687662.98,15.814867
1621814400000,15.603,20.5,15.034,19.395,4361327.481,78219280.06,17.803656
1621900800000,19.395,20.243,17.001,19.446,2878326.676,53730357.66,18.621951
1621987200000,19.431,21.453,18.918,20.797,3101870.521,62721216.86,20.191097
1622073600000,20.794,21.198,18.717,19.118,1878833.966,37144061.9,19.957693
1622160000000,19.133,19.568,16.015,16.727,2318888.923,40285104.08,17.773566
1622246400000,16.727,17.592,15.169,16.168,1260980.209,20444938.26,16.379596
1622332800000,16.194,17.468,15.101,16.518,1133881.014,18967076.15,16.284164
1622419200000,16.504,18.198,15.671,18.14,1357131.015,23344234.82,16.889143
1622505600000,18.153,18.583,17.066,17.748,1195464.415,21252314.2,17.822214
1622592000000,17.748,19.419,17.145,18.687,1696639.301,31441233.73,18.284872
1622678400000,18.686,20.7,18.219,20.268,1754635.671,34768091.12,19.45752
1622764800000,20.247,20.55,17.41,18.243,1844859.941,34131796.22,18.949956
1622851200000,18.236,19.142,16.86,17.23,1557214.89,28105158.82,18.014686
1622937600000,17.233,18.0,17.09,17.383,747036.541,13149046.69,17.546621
1623024000000,17.38,18.053,15.304,15.536,2846106.846,48358814.14,16.706448
1623110400000,15.533,16.048,13.639,14.792,2622746.581,38874804.23,14.835772
1623196800000,14.803,15.765,13.65,15.4,2507532.953,37197544.87,14.699492
1623283200000,15.403,15.578,13.73,14.193,2406206.41,34900914.84,14.636714
1623369600000,14.193,14.616,13.14,13.408,1985298.581,27700725.96,13.883897
1623456000000,13.423,14.0,12.638,13.545,1721108.689,22830447.28,13.318668
1623542400000,13.551,14.999,13.241,14.761,1905070.736,26854958.59,14.115164
1623628800000,14.762,15.419,14.371,15.113,1753753.579,26069796.8,14.893774
1623715200000,15.111,15.632,14.581,14.714,1618961.454,24356226.18,15.113676
1623801600000,14.715,14.951,13.913,14.078,1593156.605,22971491.58,14.43569
1623888000000,14.081,15.498,14.02,14.844,2176578.341,32446965.99,14.780165
1623974400000,14.858,15.3,13.1,13.64,1646645.548,23345824.09,14.195934
1624060800000,13.635,14.04,13.209,13.383,677502.975,9272511.49,13.627218
1624147200000,13.374,14.188,12.783,13.917,1178226.514,15764150.01,13.479294
1624233600000,13.914,14.069,11.077,11.2,2203255.627,27106302.1,12.577144
1624320000000,11.19,11.764,9.325,10.578,3283390.301,34589702.6,10.539071
1624406400000,10.585,11.899,10.15,11.456,2090766.333,23569095.29,11.024764
1624492800000,11.467,11.757,10.822,11.493,1288733.896,14628465.69,11.289463
1624579200000,11.499,11.756,10.2,10.235,1369495.419,14874246.01,10.99993
1624665600000,10.238,10.6,9.784,10.318,1136001.579,11552426.25,10.191793
1624752000000,10.317,10.98,10.087,10.941,692604.829,7234629.5,10.520221
1624838400000,10.953,11.469,10.694,11.322,1022964.874,11386590.08,11.078136
1624924800000,11.333,12.348,11.077,11.92,1388415.123,16385766.89,11.717344
1625011200000,11.921,12.166,11.035,11.949,1137246.751,13240407.46,11.600449
1625097600000,11.94,12.08,11.0,11.181,717086.767,8116281.3,11.537112
1625184000000,11.19,11.355,10.572,11.112,979100.755,10654044.47,10.963034
1625270400000,11.117,11.676,10.878,11.509,737397.368,8372964.61,11.274689
1625356800000,11.499,12.9,11.21,12.345,1361790.033,16615785.98,12.063889
1625443200000,12.342,12.44,11.519,12.042,1408712.788,17011192.52,11.97371
1625529600000,12.041,14.226,12.026,13.384,2391422.133,32055829.01,13.168481
1625616000000,13.369,14.2,13.04,13.105,2048553.788,27867267.42,13.625024
1625702400000,13.091,13.118,11.838,12.098,1467700.322,18101804.62,12.457367
1625788800000,12.093,12.88,11.639,12.552,1365886.913,16789649.41,12.257269
1625875200000,12.559,12.851,11.838,12.015,729693.403,8962435.36,12.348968
1625961600000,12.023,12.49,11.912,12.433,574831.74,7017301.61,12.197115
1626048000000,12.437,12.841,11.7,12.157,1105226.312,13650203.06,12.270095
1626134400000,12.162,12.434,11.744,11.91,937209.081,11351440.84,12.090828
1626220800000,11.916,12.11,11.111,11.793,916149.504,10660796.48,11.609572
1626307200000,11.791,12.102,11.128,11.391,799151.217,9211057.9,11.616056
1626393600000,11.391,11.82,10.8,10.814,869808.847,9833877.12,11.328044
1626480000000,10.816,11.144,10.716,10.958,588168.81,6416594.54,10.931217
1626566400000,10.956,11.275,10.65,10.69,669471.278,7325338.2,10.969117
1626652800000,10.69,10.757,10.01,10.183,613091.689,6325661.85,10.376602
1626739200000,10.186,10.366,9.327,9.639,784232.566,7538086.82,9.841586
1626825600000,9.647,10.752,9.473,10.425,994914.755,10267860.3,10.120298
1626912000000,10.44,10.96,10.238,10.833,879782.503,9345434.27,10.596
1626998400000,10.84,11.174,10.53,11.086,695996.732,7538887.71,10.847798
1627084800000,11.092,11.447,10.954,11.142,839109.691,9397797.99,11.200715
1627171200000,11.142,11.339,10.765,11.247,601383.149,6648354.33,11.050798
1627257600000,11.247,12.7,11.213,11.46,2057987.325,24821128.42,11.959609
1627344000000,11.455,12.352,11.175,11.917,977794.901,11458152.58,11.766605
1627430400000,11.921,12.485,11.691,12.32,1510307.384,18422159.01,12.08581
1627516800000,12.331,12.65,11.98,12.433,1634174.61,20162756.48,12.31461
1627603200000,12.433,13.0,11.93,12.978,1572248.756,19599467.04,12.44832
1627689600000,12.978,13.63,12.585,13.525,1248768.221,16272148.75,13.096911
1627776000000,13.535,14.077,12.617,12.853,1860616.438,25152192.03,13.355828
1627862400000,12.846,13.374,12.616,12.993,928801.989,12133849.92,12.995717
1627948800000,12.992,13.522,12.325,12.557,1198368.484,15258298.68,12.928587
1628035200000,12.568,13.78,12.41,13.696,1246721.964,16255550.77,13.08745
1628121600000,13.696,14.0,12.849,13.834,1372439.967,18478805.54,13.423272
1628208000000,13.834,15.08,13.388,14.77,2108094.949,29965356.39,14.228367
1628294400000,14.774,15.952,14.612,15.834,2346816.422,35897227.53,15.27792
1628380800000,15.85,16.1,14.557,14.826,1318372.027,20289977.63,15.327325
1628467200000,14.83,16.759,14.424,16.169,2569371.614,40344963.23,15.599741
1628553600000,16.167,17.184,15.801,16.42,2076458.198,34191887.71,16.494179
1628640000000,16.43,17.547,16.378,16.688,1849892.045,31656313.73,16.967474
1628726400000,16.674,17.538,15.429,16.575,1704787.841,27961277.71,16.483422
1628812800000,16.574,18.291,16.389,18.031,1519296.777,26964549.42,17.346447
1628899200000,18.044,18.433,17.169,18.093,1428803.971,25525639.1,17.800899
1628985600000,18.09,18.855,17.058,18.762,1404168.533,24987998.01,17.939491
1629072000000,18.762,21.13,18.441,19.071,3800908.89,75257840.61,19.788378
1629158400000,19.071,25.46,18.418,23.446,10172036.374,232692122.49,22.011678
1629244800000,23.452,30.885,21.454,29.993,12872464.953,329590346.42,26.093907
1629331200000,29.992,33.755,28.714,30.653,11884539.989,367827425.35,31.238437
1629417600000,30.653,39.229,29.943,39.155,8246852.137,292804357.41,34.501688
1629504000000,39.148,50.27,37.676,43.676,13275218.253,603282807.72,44.058527
1629590400000,43.693,45.03,40.537,43.663,8717113.46,373450451.67,42.78349
1629676800000,43.682,53.623,43.614,46.451,11058622.436,538289839.35,48.68779
1629763200000,46.407,58.977,44.151,55.474,13474170.156,688067868.65,51.628312
1629849600000,55.475,57.584,45.65,46.208,11480697.369,580655281.69,51.754655
1629936000000,46.211,48.463,41.2,41.32,9280721.696,411045221.74,44.967807
1630022400000,41.32,50.47,40.3,50.14,10990447.098,499580728.29,45.305106
1630108800000,50.12,51.79,46.12,50.2,7177328.364,349338313.79,48.95494
1630195200000,50.2,52.4,46.66,47.39,5176181.901,254017057.61,49.576843
1630281600000,47.43,48.33,41.0,41.44,6827433.15,302290628.15,44.711094
1630368000000,41.42,44.22,38.17,39.5,6855430.916,285271157.08,41.213984
1630454400000,39.51,45.71,38.55,42.47,7820541.217,337278992.79,42.180882
1630540800000,42.5,47.98,41.0,47.58,6481497.68,285384060.94,44.406052
1630627200000,47.6,51.66,44.45,45.89,9097559.66,438178527.62,48.073685
1630713600000,45.9,49.88,44.07,47.15,6077749.28,285561090.49,46.980268
1630800000000,47.19,49.4,45.44,48.15,5904540.19,279244419.52,47.416272
1630886400000,48.14,51.36,42.45,47.1,7931732.22,378046443.82,46.902556
1630972800000,47.11,47.2,32.23,37.93,12849059.617,517373750.97,39.423934
1631059200000,37.97,39.5,33.08,37.0,7464147.83,270862112.87,36.283141
1631145600000,37.03,44.6,36.21,40.77,10152448.674,423030611.97,40.483673
1631232000000,40.75,49.7,40.38,49.3,17253541.93,796849170.95,45.043997
1631318400000,49.33,59.25,48.11,57.02,16295853.416,855169399.89,53.748297
1631404800000,57.02,64.9,53.59,59.22,16140497.309,975563399.1,59.255743
1631491200000,59.21,60.92,47.66,53.15,17195092.8,916467701.79,54.185876
1631577600000,53.14,57.63,48.8,51.5,8170590.05,433586433.93,53.222786
1631664000000,51.51,58.18,50.3,57.84,6756093.54,363330100.74,54.156326
1631750400000,57.83,68.33,57.17,67.56,15000080.374,944283890.78,62.762904
1631836800000,67.59,70.9,60.36,70.11,10905615.525,714550797.02,65.583316
1631923200000,70.15,75.59,67.16,69.02,10521283.488,751508106.46,71.383077
1632009600000,69.02,76.27,66.42,70.07,9524488.551,682471352.2,71.350128
1632096000000,70.06,70.45,55.0,57.33,15410116.45,955076944.96,62.526716
1632182400000,57.34,66.24,52.55,58.98,15940591.44,963082835.45,59.399447
1632268800000,59.0,74.69,57.72,74.07,13033656.1,855939922.62,66.123963
1632355200000,74.04,79.8,72.76,76.44,11366707.86,861656035.01,76.311121
1632441600000,76.43,78.86,66.59,72.31,11472906.45,825634623.0,72.677288
1632528000000,72.3,72.6,67.5,68.28,4943069.71,346671055.0,70.005866
1632614400000,68.28,71.44,61.59,66.77,6395395.4,425416235.95,66.509031
1632700800000,66.77,72.69,65.31,66.33,5974772.52,414345004.84,69.002179
1632787200000,66.34,69.44,61.11,61.51,4765761.77,312378413.1,65.398882
1632873600000,61.51,69.5,61.26,65.46,6780246.71,440348766.54,65.495501
1632960000000,65.46,68.91,64.28,66.63,5085384.45,336103596.21,66.603923
1633046400000,66.64,69.58,63.12,67.67,6973676.03,466411655.79,66.344851
1633132800000,67.66,73.41,65.8,69.08,6536616.52,453535406.45,69.615845
1633219200000,69.09,71.61,67.55,68.69,4467356.39,312043278.02,69.581678
1633305600000,68.69,68.76,63.3,65.29,4826593.69,319552435.78,65.926945
1633392000000,65.26,66.78,62.7,64.6,3831519.71,248341576.13,64.738749
1633478400000,64.6,65.76,58.16,60.01,5068720.14,311318968.63,61.925383
1633564800000,60.0,62.29,57.39,61.52,4761648.55,284932245.83,59.817322
1633651200000,61.53,64.94,59.76,60.51,4392451.39,275489109.81,62.363019
1633737600000,60.52,62.04,59.7,60.63,1985268.84,120928905.54,60.870163
1633824000000,60.63,61.01,55.39,56.51,2515959.37,148339876.36,58.142572
1633910400000,56.5,59.23,53.76,55.3,3407191.2,192868511.76,56.502246
1633996800000,55.3,55.31,51.04,54.34,4070051.4,216938819.82,53.153947
1634083200000,54.33,57.09,53.23,55.01,3632007.14,200467343.62,55.163831
1634169600000,55.0,58.46,54.92,56.18,3000941.32,170145411.6,56.721429
1634256000000,56.18,57.61,54.44,56.36,2963326.33,165216496.14,56.024802
1634342400000,56.33,62.11,55.68,57.61,3914987.29,231345309.95,58.914262
1634428800000,57.62,58.55,53.27,56.1,2134508.3,120837657.89,55.889901
1634515200000,56.11,56.46,54.05,55.48,1553173.47,85853005.2,55.245614
1634601600000,55.47,58.1,55.12,56.8,1873629.97,106037197.79,56.634894
1634688000000,56.81,61.64,56.7,59.66,2707834.23,158948106.68,59.254863
1634774400000,59.66,64.35,58.78,61.48,3959021.69,243518064.4,61.592286
1634860800000,61.48,68.83,61.36,65.54,5522607.5,362476810.85,65.221386
1634947200000,65.54,69.18,64.51,65.38,2978489.66,197843936.33,66.845407
1635033600000,65.39,67.61,61.94,64.53,2184761.84,141733731.87,64.77393
1635120000000,64.53,69.9,64.35,69.73,2270486.65,151807987.95,67.123594
1635206400000,69.74,73.01,67.61,68.66,3840473.4,271666008.61,70.321212
1635292800000,68.68,69.82,57.02,61.57,4273308.61,270961725.08,63.27749
1635379200000,61.58,64.98,61.44,64.34,2484514.38,157045788.64,63.2548
1635465600000,64.34,66.19,63.43,64.87,1513107.96,98234754.85,64.811907
1635552000000,64.87,64.96,60.89,62.35,1483432.23,93282369.0,62.85239
1635638400000,62.33,64.5,60.09,64.5,1531085.26,95846366.22,62.222836
1635724800000,64.5,66.85,62.19,64.93,2515107.85,163029154.03,64.519584
1635811200000,64.94,68.04,64.26,67.74,1746644.56,115527073.88,66.119793
1635897600000,67.75,75.57,67.09,75.55,4504183.21,323636741.72,71.244159
1635984000000,75.56,80.91,73.91,78.97,4700338.465,365119419.93,77.419145
1636070400000,78.96,81.0,72.13,74.19,2367154.9,181860826.73,76.564221
1636156800000,74.19,78.72,72.32,78.72,1708791.07,128788048.03,75.386124
1636243200000,78.7,88.88,78.0,87.57,4847020.516,409094905.99,83.500778
1636329600000,87.56,96.92,83.61,91.18,6890764.661,630273009.15,90.281863
1636416000000,91.18,91.49,87.0,88.33,2716240.59,242197974.24,89.187877
1636502400000,88.35,94.0,78.31,85.23,4363326.07,387688057.06,86.14866
1636588800000,85.19,89.56,83.73,87.88,2085731.8,182214801.02,86.651184
1636675200000,87.86,89.88,81.11,84.78,2247279.59,190900107.5,85.468752
1636761600000,84.81,98.69,84.79,97.54,3519352.278,326031351.05,91.889905
1636848000000,97.56,99.9,91.65,95.4,3548704.679,339169506.43,95.762708
1636934400000,95.4,101.7,92.0,93.9,3770997.004,367311805.63,96.863231
1637020800000,93.86,101.82,83.5,97.84,5618799.05,519762762.96,92.621911
1637107200000,97.8,110.0,91.5,107.63,7144221.098,724754711.62,100.60077
1637193600000,107.62,110.41,92.0,100.63,5656362.447,574610818.89,101.095828
1637280000000,100.54,112.35,95.89,111.93,4039089.13,426489727.93,103.832385
1637366400000,111.91,129.94,111.57,125.83,5546998.32,669094804.75,121.070943
1637452800000,125.86,147.0,123.23,128.47,7608661.934,1024944849.48,135.139035
1637539200000,128.52,145.0,125.76,134.84,6564376.0,894863160.33,135.482575
1637625600000,134.84,136.49,121.75,123.83,4209995.63,545312344.84,129.08515
1637712000000,123.83,124.68,112.64,115.24,4577775.34,541093685.7,118.532417
1637798400000,115.25,130.0,114.22,119.27,4680745.85,577389587.16,122.189988
1637884800000,119.25,119.87,101.31,104.27,4575826.59,500649893.41,110.362389
1637971200000,104.3,118.0,103.22,113.52,2842064.96,316173642.03,110.793211
1638057600000,113.55,113.97,100.57,110.42,3365794.57,362016044.42,107.204797
1638144000000,110.42,120.41,109.03,120.39,2516574.06,286230167.45,114.557346
1638230400000,120.39,124.8,114.0,120.41,3625461.85,435034335.8,119.399999
1638316800000,120.42,127.41,117.25,119.65,3007063.68,371842650.49,122.3333
1638403200000,119.64,119.75,106.88,107.78,2475877.81,283945869.4,113.208539
1638489600000,107.79,113.23,100.0,108.32,3316203.87,355634559.86,106.614422
1638576000000,108.36,108.81,76.57,93.05,6768729.16,621549884.97,92.211144
1638662400000,93.02,95.5,82.55,86.35,3562051.48,314125316.68,88.978119
1638748800000,86.34,94.9,77.0,92.97,5155977.54,439819665.49,85.818415
1638835200000,92.93,96.62,88.0,89.57,2882225.85,268707936.5,92.351853
1638921600000,89.54,93.22,86.0,93.19,1976726.13,177886851.23,89.490215
1639008000000,93.2,94.57,83.28,85.46,2603024.55,231828745.65,88.871077
1639094400000,85.41,91.78,80.22,80.61,3342367.08,288264849.11,86.134683
1639180800000,80.57,87.07,78.32,86.55,2324989.97,192503522.11,82.580642
1639267200000,86.55,88.97,82.94,88.0,1544788.55,132574718.76,85.935638
1639353600000,88.01,89.92,75.5,79.05,3604282.51,297920347.44,82.622396
1639440000000,79.05,87.46,76.31,87.17,2973253.39,240732813.46,81.697754
1639526400000,87.16,105.77,86.1,101.24,6449158.02,608721178.02,96.189899
1639612800000,101.28,110.0,98.0,98.21,4989316.02,521108640.63,104.070781
1639699200000,98.23,116.1,98.14,110.81,6159186.26,661735819.12,107.48349
1639785600000,110.82,117.39,105.51,115.9,3442233.16,387451666.15,111.358507
1639872000000,115.91,116.69,106.66,107.61,2140304.15,238953714.02,111.657443
1639958400000,107.61,116.33,100.96,113.55,4463038.26,479899741.23,108.569946
1640044800000,113.52,123.97,110.59,123.24,3711910.2,436728554.53,117.112814
1640131200000,123.23,127.32,115.55,116.69,2949493.16,361612835.44,121.558373
1640217600000,116.68,125.06,116.22,121.4,2526919.7,305123263.31,120.762787
1640304000000,121.45,124.57,113.19,114.94,2103167.74,253576727.48,118.941035
1640390400000,114.95,116.93,112.0,115.01,1699906.82,195445144.15,114.464981
1640476800000,114.99,118.0,109.28,115.02,1883628.3,213934618.15,113.639996
1640563200000,115.06,120.96,113.23,113.85,1738245.11,203485615.85,117.111271
1640649600000,113.85,116.73,104.33,107.06,2819996.86,313337643.15,110.536078
1640736000000,107.05,110.55,102.3,103.1,1941041.1,206638050.67,106.507071
1640822400000,103.1,105.4,98.25,101.75,1935135.51,198166564.2,101.819604
1640908800000,101.75,111.99,100.13,109.43,2472910.64,262031150.64,106.115041
1640995200000,109.43,114.5,108.42,114.13,1211127.98,134625293.11,111.403798
1641081600000,114.12,117.53,112.0,113.03,1157325.57,133181297.43,114.776672
1641168000000,113.02,114.13,106.01,108.11,1518111.91,167515698.02,110.0202
1641254400000,108.11,109.28,102.78,103.33,1646729.79,174879133.66,106.078463
1641340800000,103.33,106.66,90.4,97.42,2277529.75,229006153.21,98.466983
1641427200000,97.42,97.97,91.04,95.11,1633034.05,154100385.59,94.454714
1641513600000,95.1,95.54,85.0,86.74,2602084.56,231122016.72,90.148689
1641600000000,86.74,89.64,79.18,83.9,2469062.48,208857798.75,84.392914
1641686400000,83.87,91.88,82.46,89.33,1808479.57,157649981.25,87.222263
1641772800000,89.32,92.4,80.1,84.36,2836094.17,241549190.78,86.224998
1641859200000,84.42,91.0,83.21,89.59,1431317.89,124662083.46,87.117374
1641945600000,89.57,96.89,88.8,95.94,1757081.56,164578221.12,92.861508
1642032000000,95.95,97.26,89.08,89.65,1429888.43,133587226.48,93.234421
1642118400000,89.65,91.77,87.23,90.39,1200068.6,107669260.03,89.496523
1642204800000,90.4,94.44,89.47,92.98,914689.68,83986168.01,91.974143
1642291200000,92.98,94.9,91.8,92.24,967418.87,90134788.74,93.360694
1642377600000,92.25,92.5,85.34,86.67,1328305.0,117439344.85,88.823329
1642464000000,86.67,87.41,83.7,86.0,1041520.48,89047242.53,85.548588
1642550400000,86.03,86.38,81.08,82.61,1139560.79,95386563.91,83.661446
1642636800000,82.58,87.8,78.68,79.33,1225812.76,103096137.48,83.314923
1642723200000,79.32,80.38,63.93,66.06,3392205.59,245692803.73,72.051239
1642809600000,66.03,67.54,52.95,59.78,5109157.94,304793609.74,60.117101
1642896000000,59.81,66.88,59.02,64.83,2926022.98,184024003.36,63.021541
1642982400000,64.8,64.83,55.14,63.06,3701249.83,219436865.38,59.952941
1643068800000,63.0,70.53,61.65,68.01,2702688.81,177636701.7,66.140578
1643155200000,68.01,73.5,64.39,65.87,3400732.97,234514414.36,68.973046
1643241600000,65.87,67.96,61.06,64.7,2519156.06,161461952.38,64.504389
1643328000000,64.68,67.5,61.71,67.01,1790400.08,115890537.67,64.55268
1643414400000,67.02,73.58,66.86,71.89,1662626.47,117157264.51,70.335625
1643500800000,71.91,72.39,66.85,67.96,1307594.65,91110546.73,69.574138
1643587200000,67.94,70.65,64.25,69.87,1747136.27,117666155.98,67.416151
1643673600000,69.9,73.87,68.47,73.33,1951093.27,138231722.05,71.12008
1643760000000,73.32,74.86,67.43,67.79,2238866.41,159980250.02,71.239843
1643846400000,67.79,69.31,64.85,68.44,1792227.65,120496574.82,67.074475
1643932800000,68.44,77.95,67.43,77.77,2263149.96,165117581.12,72.58842
1644019200000,77.8,80.93,74.94,77.01,1700729.64,132702633.59,77.937315
1644105600000,77.01,79.15,74.1,78.93,1113858.87,85466391.74,76.574573
1644192000000,78.91,85.42,77.44,83.2,1879396.49,155038987.17,81.459205
1644278400000,83.23,95.5,81.65,86.34,5245827.4,460480912.04,88.623385
1644364800000,86.35,92.03,84.34,90.05,1774621.17,157888513.49,88.184079
1644451200000,90.05,95.0,84.93,91.16,2654551.53,240120281.41,89.96305
1644537600000,91.18,92.66,80.0,81.75,2422691.49,211677357.34,86.308259
1644624000000,81.76,84.8,78.65,81.31,2173440.39,177934028.19,81.725255
1644710400000,81.29,83.28,77.49,77.91,1168439.44,94204752.13,80.458107
1644796800000,77.93,82.6,76.14,81.86,1524047.88,121572615.58,79.316472
1644883200000,81.84,93.68,81.41,92.97,2301376.54,201963674.88,87.581257
1644969600000,92.96,97.35,91.44,95.32,2885648.71,271746583.12,94.405588
1645056000000,95.33,98.77,86.32,88.24,3177570.87,292577748.92,92.612054
1645142400000,88.24,89.99,82.35,83.67,2364097.49,203097006.83,86.191121
1645228800000,83.69,86.34,80.82,85.01,1584310.2,133206597.13,83.568833
1645315200000,85.01,85.73,76.56,77.37,1851608.12,147802271.93,81.135551
1645401600000,77.34,82.7,69.38,70.04,3597142.77,276892269.48,76.230785
1645488000000,70.03,74.94,67.2,74.42,3024268.59,215588321.28,70.968986
1645574400000,74.42,82.5,73.28,73.47,3483406.5,271858501.4,77.900498
1645660800000,73.46,79.98,64.45,76.39,7820713.29,549303006.46,72.190668
1645747200000,76.39,81.99,72.68,80.98,3877124.6,297496792.42,77.247657
1645833600000,80.98,84.95,78.02,81.81,2805070.69,228083868.77,81.485324
1645920000000,81.81,83.07,73.02,75.07,3334479.25,260467180.05,77.994959
1646006400000,75.06,85.88,71.76,84.54,3896436.49,306286202.72,78.695538
1646092800000,84.54,90.8,83.48,86.89,4517499.99,393520657.33,87.177688
1646179200000,86.89,89.94,82.29,83.36,3048063.73,260108758.09,86.170662
1646265600000,83.35,84.33,77.02,78.5,2971518.96,238658273.68,80.644085
1646352000000,78.5,82.24,74.92,75.79,3853710.64,302363088.14,78.630916
1646438400000,75.78,78.74,73.27,76.68,1992002.84,151948773.52,76.003467
1646524800000,76.69,77.1,72.09,72.51,1936414.77,144793634.14,74.593947
1646611200000,72.51,76.53,70.35,71.69,2451038.1,178997962.35,73.445924
1646697600000,71.67,76.62,71.19,73.0,3043774.1,222357599.4,73.928906
1646784000000,73.02,80.44,72.34,77.63,3319070.88,258132353.53,76.483842
1646870400000,77.6,79.0,71.5,73.93,2525259.61,186714442.85,75.217208
1646956800000,73.93,76.97,70.79,71.22,3182516.66,235440597.15,73.945904
1647043200000,71.23,73.62,70.67,70.94,1178080.64,84879095.24,72.147567
1647129600000,70.93,71.99,67.21,67.94,1213188.75,85166976.69,69.61789
1647216000000,67.92,71.5,65.55,68.97,2929390.22,198926453.37,68.525628
1647302400000,68.97,72.24,66.04,69.82,2272701.89,157179065.55,69.138796
1647388800000,69.82,74.72,68.07,74.08,2655390.64,189099000.26,71.331552
1647475200000,74.07,81.73,73.16,79.4,3601064.66,282934334.36,77.521008
1647561600000,79.4,86.95,76.48,85.71,3592188.77,293299235.77,81.631107
1647648000000,85.72,92.39,85.58,89.53,3285297.07,292078254.54,89.100458
1647734400000,89.54,89.98,84.26,84.84,2817986.41,245565144.81,87.105786
1647820800000,84.87,92.5,83.02,86.25,4199445.72,368983120.25,87.771717
1647907200000,86.24,89.89,83.7,83.98,3258174.08,283815485.51,86.853089
1647993600000,83.97,87.3,82.21,86.0,2633332.52,223267532.15,84.745475
1648080000000,85.99,88.3,83.63,87.56,2936844.44,253138344.23,85.941447
1648166400000,87.57,87.8,82.25,83.54,2533187.45,216075919.28,84.944531
1648252800000,83.54,86.74,82.46,85.86,1350476.61,114857398.18,84.592072
1648339200000,85.87,89.99,84.4,89.88,1651306.21,143186147.47,87.094603
1648425600000,89.88,96.23,88.58,89.58,3900950.93,360373912.54,92.406029
1648512000000,89.57,96.46,89.27,92.74,2945036.4,275198995.93,92.952344
1648598400000,92.73,100.48,89.5,95.58,3528529.66,336542961.09,95.004305
1648684800000,95.57,101.98,93.68,97.41,4416636.71,432476993.42,97.846668
1648771200000,97.43,99.8,90.26,96.83,3360841.07,319999605.56,95.027921
1648857600000,96.81,103.62,95.73,96.25,3326092.55,331193208.95,99.678966
1648944000000,96.25,100.09,94.41,98.05,2729825.05,266967348.61,97.252575
1649030400000,98.02,98.08,90.81,96.16,2600693.06,246731044.34,94.400996
1649116800000,96.16,97.7,90.6,91.06,2436266.33,231181134.82,94.229972
1649203200000,91.07,91.11,82.63,82.94,3526547.24,306773293.56,86.829723
1649289600000,82.94,88.66,81.34,87.55,3392547.98,287533326.74,84.973033
1649376000000,87.56,90.56,82.69,83.66,3189742.2,279883276.92,86.69139
1649462400000,83.66,85.56,81.88,84.55,1368929.8,114362501.96,83.714287
1649548800000,84.57,85.66,80.67,81.01,1119413.47,93634764.77,83.219674
1649635200000,81.0,81.54,72.73,74.35,3030700.6,232945107.75,77.045307
1649721600000,74.35,79.5,73.88,76.31,2146833.6,164615852.79,76.732651
1649808000000,76.32,80.65,75.8,80.2,1680567.89,131776613.8,78.218333
1649894400000,80.2,81.87,76.16,76.81,1741713.69,137665312.3,79.064283
1649980800000,76.8,78.53,74.75,77.43,1318038.23,101105439.99,76.636678
1650067200000,77.44,78.26,76.5,77.74,616267.4,47650208.1,77.378463
1650153600000,77.74,78.68,75.08,75.42,776597.8,60068940.33,76.914757
1650240000000,75.41,77.95,71.5,77.73,1812465.17,135244038.96,74.66333
1650326400000,77.73,81.1,76.8,80.28,1467897.35,115958594.8,78.944698
1650412800000,80.27,81.31,77.46,78.21,1497709.36,118692630.08,79.396178
1650499200000,78.22,80.21,74.13,75.02,1363115.38,105975760.69,77.210923
1650585600000,75.01,77.22,73.33,74.03,1261738.35,94738870.02,75.287173
1650672000000,74.04,74.42,72.35,72.83,865209.06,63820809.36,73.38033
1650758400000,72.84,73.49,71.0,71.51,671237.21,48552622.8,72.250376
1650844800000,71.5,72.99,67.36,72.88,2017379.58,140782638.15,70.144272
1650931200000,72.9,73.18,67.5,68.7,1568050.0,109748648.94,70.267166
1651017600000,68.7,71.98,68.32,69.86,1173322.27,82190463.97,70.172411
1651104000000,69.86,70.76,66.65,67.26,1530116.95,104965042.11,68.721119
1651190400000,67.26,67.99,62.2,63.4,1419116.89,92784258.18,65.065625
1651276800000,63.4,64.65,55.05,56.98,2393352.67,143451300.12,59.8072
1651363200000,56.98,61.14,56.27,58.77,2344079.85,137544274.09,58.734013
1651449600000,58.74,62.46,56.74,60.34,2855611.45,169730688.58,59.601197
1651536000000,60.34,62.55,58.12,59.63,1686585.01,101966304.57,60.337262
1651622400000,59.63,67.64,59.3,67.27,2409142.35,152081544.43,63.47531
1651708800000,67.28,69.52,56.51,59.04,4442154.36,273638039.08,62.998838
1651795200000,59.04,59.4,55.0,57.0,2822758.39,161307181.25,57.153431
1651881600000,57.0,57.53,53.24,55.04,1898625.35,106516306.68,55.350039
1651968000000,55.05,55.47,50.63,51.62,3163317.55,167049739.65,53.009079
1652054400000,51.62,53.06,41.15,41.2,5783146.8,272639795.9,47.269468
1652140800000,41.2,50.32,40.0,44.58,6887935.36,312339162.45,45.222553
1652227200000,44.58,46.25,26.11,31.17,12956731.613,461836384.19,35.968716
1652313600000,31.17,33.94,23.51,30.32,11602675.67,337685872.38,28.72164
1652400000000,30.31,37.99,29.55,32.21,7405352.03,253666797.81,33.802209
1652486400000,32.2,34.32,29.27,33.93,4033165.08,128006346.46,31.756613
1652572800000,33.93,37.07,31.87,36.57,3611773.82,124438388.65,34.416277
1652659200000,36.56,36.56,31.4,32.56,4737925.3,157350704.41,33.877461
1652745600000,32.56,35.77,32.2,34.39,3323237.18,112815198.97,34.020858
1652832000000,34.4,35.16,29.37,29.58,3400565.86,108263640.77,32.322628
1652918400000,29.59,31.89,27.51,30.39,4763307.53,140996504.45,29.697561
1653004800000,30.39,31.93,27.83,28.8,4866371.46,145419041.63,29.891134
1653091200000,28.8,30.61,28.19,29.89,2170197.88,63913906.53,29.402939
1653177600000,29.89,32.7,29.01,31.71,3775539.16,117042427.93,30.858562
1653264000000,31.71,33.08,28.54,29.06,4621612.58,144511813.86,30.849571
1653350400000,29.06,29.66,26.87,29.08,4251299.31,121105251.31,28.26499
1653436800000,29.07,29.68,27.11,27.25,3491521.18,98072485.92,28.428687
1653523200000,27.25,28.03,22.84,23.43,7355985.5,182792709.97,25.449882
1653609600000,23.42,23.88,21.35,22.58,7882719.859,177611133.21,22.604089
1653696000000,22.57,25.73,22.17,24.76,5080017.44,120720303.32,23.979781
1653782400000,24.76,27.0,23.72,26.16,5201437.75,132561529.33,25.355228
1653868800000,26.16,28.48,25.32,27.71,6453169.48,175262406.72,26.89776
1653955200000,27.71,29.11,25.55,26.42,6372299.65,172488062.01,27.338994
1654041600000,26.43,27.03,23.2,23.68,5323660.08,133858856.01,25.123877
1654128000000,23.68,24.9,22.5,24.63,4487201.1,106529006.91,23.681451
1654214400000,24.64,24.7,22.5,23.0,3150778.48,73290824.56,23.564505
1654300800000,23.0,24.67,22.14,24.57,2472290.13,57438768.41,23.36452
1654387200000,24.58,25.2,23.93,24.18,2624339.66,64475667.37,24.569705
1654473600000,24.18,27.79,24.05,25.99,5560470.13,146780541.08,25.971933
1654560000000,26.0,26.21,23.12,24.6,7021609.51,171021518.21,24.63065
1654646400000,24.6,25.45,23.72,24.5,3467088.16,84737930.33,24.585029
1654732800000,24.51,25.38,23.72,24.41,3066998.4,75435070.63,24.550082
1654819200000,24.42,24.87,21.91,22.08,3881414.9,90397131.15,23.415924
1654905600000,22.07,23.02,19.67,19.9,4541127.87,95645982.68,21.387189
1654992000000,19.91,20.16,17.21,17.29,8238012.468,152911830.38,18.705879
1655078400000,17.29,17.5,14.58,16.11,14886625.66,235101972.79,16.011908
1655164800000,16.11,17.3,14.67,16.55,9763946.74,158611041.48,15.982569
1655251200000,16.55,18.48,14.55,18.31,10721989.07,172390936.95,16.466701
1655337600000,18.31,18.72,15.5,15.79,6686483.0,111859275.76,17.120848
1655424000000,15.8,16.74,15.5,15.99,3480673.4,56227284.36,16.121328
1655510400000,16.0,16.3,13.78,14.83,5914211.73,87923508.69,15.01864
1655596800000,14.83,16.42,13.71,16.16,5183939.46,78016826.99,15.037449
1655683200000,16.17,17.87,15.32,17.1,5578156.93,93633945.37,16.593624
1655769600000,17.1,18.49,16.62,16.9,4574348.39,80277149.81,17.556592
1655856000000,16.91,17.41,15.97,16.09,4115611.37,68292203.53,16.706761
1655942400000,16.08,18.4,16.03,18.29,4695733.0,82265599.48,17.223333
1656028800000,18.29,20.95,17.98,20.47,5577636.08,109018936.6,19.478231
1656115200000,20.47,21.68,19.86,21.36,3710311.2,77192072.39,20.76078
1656201600000,21.37,22.05,19.6,19.73,3449424.73,72295384.4,20.859692
1656288000000,19.73,21.39,19.18,19.32,3808707.61,76891888.19,20.291596
1656374400000,19.33,20.53,17.99,18.12,4832850.59,93501229.3,19.292178
1656460800000,18.11,18.68,17.18,17.79,3932196.54,70470639.34,17.92977
1656547200000,17.79,17.81,15.79,16.99,3831530.37,63198227.86,16.775921
